Date,Site.ID,Daily.Max.1.hour.NO2.Concentration
1/1/2021,360050110,25.1
1/2/2021,360050110,27.5
1/3/2021,360050110,19.4
1/4/2021,360050110,20.8
1/5/2021,360050110,28.6
1/6/2021,360050110,24.6
1/7/2021,360050110,19.4
1/8/2021,360050110,25.8
1/9/2021,360050110,19.1
1/10/2021,360050110,39.6
1/11/2021,360050110,49.1
1/12/2021,360050110,42.6
1/13/2021,360050110,37.4
1/14/2021,360050110,45.5
1/15/2021,360050110,29.5
1/16/2021,360050110,25.2
1/17/2021,360050110,20.4
1/18/2021,360050110,28.4
1/19/2021,360050110,30.5
1/20/2021,360050110,35.9
1/22/2021,360050110,37.5
1/23/2021,360050110,11.5
1/24/2021,360050110,18.7
1/25/2021,360050110,34.8
1/26/2021,360050110,23.5
1/27/2021,360050110,32.4
1/28/2021,360050110,21.8
1/29/2021,360050110,14.2
1/30/2021,360050110,21.5
1/31/2021,360050110,26.5
2/1/2021,360050110,23
2/2/2021,360050110,18.5
2/3/2021,360050110,20.8
2/4/2021,360050110,50.7
2/5/2021,360050110,54.1
2/6/2021,360050110,35.8
2/7/2021,360050110,45
2/8/2021,360050110,46.7
2/9/2021,360050110,50.6
2/10/2021,360050110,40.8
2/11/2021,360050110,25.4
2/12/2021,360050110,36
2/13/2021,360050110,36.5
2/14/2021,360050110,28.4
2/15/2021,360050110,34
2/16/2021,360050110,42.8
2/17/2021,360050110,44.8
2/18/2021,360050110,24.8
2/19/2021,360050110,28.3
2/20/2021,360050110,24.9
2/21/2021,360050110,43.7
2/22/2021,360050110,52.2
2/23/2021,360050110,38.2
2/24/2021,360050110,40.8
2/25/2021,360050110,29.9
2/26/2021,360050110,30.3
2/27/2021,360050110,35
2/28/2021,360050110,31.4
3/1/2021,360050110,45.1
3/2/2021,360050110,32.6
3/3/2021,360050110,38.6
3/4/2021,360050110,28.9
3/5/2021,360050110,18.4
3/6/2021,360050110,18.2
3/7/2021,360050110,17.2
3/8/2021,360050110,42.9
3/9/2021,360050110,40.6
3/10/2021,360050110,42.5
3/11/2021,360050110,59.8
3/12/2021,360050110,21.3
3/13/2021,360050110,22.1
3/14/2021,360050110,20.2
3/15/2021,360050110,19.5
3/16/2021,360050110,30.2
3/17/2021,360050110,33.3
3/18/2021,360050110,44.4
3/19/2021,360050110,22.3
3/20/2021,360050110,49.6
3/21/2021,360050110,46.8
3/22/2021,360050110,50.8
3/23/2021,360050110,36.2
3/24/2021,360050110,37.1
3/25/2021,360050110,36.9
3/26/2021,360050110,33.8
3/27/2021,360050110,23.2
3/28/2021,360050110,28.9
3/29/2021,360050110,18.1
3/30/2021,360050110,40.5
3/31/2021,360050110,34.3
4/1/2021,360050110,31.6
4/2/2021,360050110,13.5
4/3/2021,360050110,43
4/4/2021,360050110,32.6
4/5/2021,360050110,21.8
4/6/2021,360050110,46.2
4/7/2021,360050110,34.7
4/8/2021,360050110,47.2
4/9/2021,360050110,32.3
4/10/2021,360050110,31.9
4/11/2021,360050110,33.3
4/12/2021,360050110,23.1
4/13/2021,360050110,26.3
4/14/2021,360050110,36.8
4/15/2021,360050110,29.3
4/16/2021,360050110,25
4/17/2021,360050110,13.4
4/18/2021,360050110,45.1
4/19/2021,360050110,50.8
4/20/2021,360050110,39.1
4/21/2021,360050110,43.6
4/22/2021,360050110,14.5
4/23/2021,360050110,21
4/24/2021,360050110,26.6
4/25/2021,360050110,20.4
4/26/2021,360050110,11.6
4/27/2021,360050110,40.7
4/28/2021,360050110,43.7
4/29/2021,360050110,57.7
4/30/2021,360050110,8.8
5/1/2021,360050110,22.9
5/2/2021,360050110,18.8
5/3/2021,360050110,25.7
5/4/2021,360050110,20.6
5/5/2021,360050110,34.6
5/6/2021,360050110,12.1
5/7/2021,360050110,15.2
5/8/2021,360050110,19.2
5/9/2021,360050110,22.9
5/10/2021,360050110,25
5/11/2021,360050110,27.4
5/12/2021,360050110,25.1
5/13/2021,360050110,22.9
5/14/2021,360050110,29.8
5/15/2021,360050110,27.8
5/16/2021,360050110,30.6
5/17/2021,360050110,27.8
5/18/2021,360050110,28.6
5/19/2021,360050110,26.6
5/20/2021,360050110,33.4
5/21/2021,360050110,32.7
5/22/2021,360050110,36.7
5/23/2021,360050110,6.8
5/24/2021,360050110,11.9
5/25/2021,360050110,21.4
5/26/2021,360050110,22.9
5/27/2021,360050110,11.9
5/28/2021,360050110,11.6
5/29/2021,360050110,6.6
5/30/2021,360050110,10
5/31/2021,360050110,27.6
6/1/2021,360050110,31.9
6/2/2021,360050110,36.9
6/3/2021,360050110,29.9
6/4/2021,360050110,46.5
6/5/2021,360050110,25.6
6/6/2021,360050110,25
6/7/2021,360050110,39.1
6/8/2021,360050110,30.8
6/9/2021,360050110,23.2
6/10/2021,360050110,13.7
6/11/2021,360050110,19
6/12/2021,360050110,21
6/13/2021,360050110,22.5
6/14/2021,360050110,23
6/15/2021,360050110,27.5
6/16/2021,360050110,8.6
6/17/2021,360050110,19.5
6/18/2021,360050110,30.3
6/19/2021,360050110,15.5
6/20/2021,360050110,23.6
6/21/2021,360050110,19.1
6/22/2021,360050110,15.6
6/23/2021,360050110,22.3
6/24/2021,360050110,35.7
6/25/2021,360050110,17
6/26/2021,360050110,11.5
6/27/2021,360050110,14.5
6/28/2021,360050110,24.6
6/29/2021,360050110,16.8
6/30/2021,360050110,22.5
7/25/2021,360050110,15.4
7/26/2021,360050110,35.8
7/27/2021,360050110,42.4
7/28/2021,360050110,12.6
7/29/2021,360050110,21.3
7/30/2021,360050110,12.8
7/31/2021,360050110,18.9
8/1/2021,360050110,28.4
8/2/2021,360050110,18.3
8/3/2021,360050110,28.9
8/4/2021,360050110,34
8/5/2021,360050110,21.4
8/6/2021,360050110,31.3
8/7/2021,360050110,19.5
8/8/2021,360050110,10.9
8/9/2021,360050110,18.1
8/10/2021,360050110,33.3
8/11/2021,360050110,25.8
8/12/2021,360050110,35.2
8/13/2021,360050110,23
8/14/2021,360050110,14.7
8/15/2021,360050110,16.5
8/16/2021,360050110,15.4
8/17/2021,360050110,13.1
8/18/2021,360050110,20.9
8/19/2021,360050110,12.9
8/20/2021,360050110,23.6
8/21/2021,360050110,24
8/22/2021,360050110,14.9
8/23/2021,360050110,17
8/24/2021,360050110,30.1
8/25/2021,360050110,33.7
8/26/2021,360050110,25.8
8/27/2021,360050110,34.4
8/28/2021,360050110,12.2
8/29/2021,360050110,32.5
8/30/2021,360050110,27.9
9/1/2021,360050110,22.6
9/2/2021,360050110,7.4
9/3/2021,360050110,12.5
9/4/2021,360050110,18.8
9/5/2021,360050110,25.2
9/6/2021,360050110,13.5
9/7/2021,360050110,23.4
9/8/2021,360050110,18.1
9/9/2021,360050110,38.4
9/10/2021,360050110,14.2
9/11/2021,360050110,20.2
9/12/2021,360050110,14.9
9/13/2021,360050110,15.7
9/14/2021,360050110,28
9/15/2021,360050110,25.8
9/16/2021,360050110,12.6
9/17/2021,360050110,8.7
9/18/2021,360050110,12.5
9/19/2021,360050110,17.5
9/20/2021,360050110,20.8
9/21/2021,360050110,25.9
9/22/2021,360050110,16.2
9/23/2021,360050110,17.1
9/24/2021,360050110,22.5
9/25/2021,360050110,30.4
9/26/2021,360050110,20.8
9/27/2021,360050110,22.3
9/28/2021,360050110,28.1
9/29/2021,360050110,12.9
9/30/2021,360050110,11.7
10/1/2021,360050110,27.9
10/2/2021,360050110,28.5
10/3/2021,360050110,26.8
10/4/2021,360050110,24.3
10/5/2021,360050110,13.7
10/6/2021,360050110,28.3
10/7/2021,360050110,36.9
10/8/2021,360050110,36.6
10/9/2021,360050110,8.7
10/10/2021,360050110,7.3
10/11/2021,360050110,20
10/12/2021,360050110,26.8
10/13/2021,360050110,38.6
10/14/2021,360050110,25.9
10/15/2021,360050110,37
10/16/2021,360050110,15.5
10/17/2021,360050110,8.8
10/18/2021,360050110,15.4
10/19/2021,360050110,19.3
10/20/2021,360050110,30.5
10/21/2021,360050110,36.3
10/22/2021,360050110,21.6
10/23/2021,360050110,12.4
10/24/2021,360050110,23
10/25/2021,360050110,37.6
10/26/2021,360050110,18.3
10/27/2021,360050110,10.9
10/28/2021,360050110,20.7
10/29/2021,360050110,27.7
10/30/2021,360050110,20.8
11/1/2021,360050110,21.5
11/2/2021,360050110,35.6
11/3/2021,360050110,23.3
11/4/2021,360050110,29.2
11/5/2021,360050110,40.3
11/6/2021,360050110,45.2
11/7/2021,360050110,44.6
11/8/2021,360050110,49.1
11/9/2021,360050110,56.8
11/10/2021,360050110,52.1
11/11/2021,360050110,37.8
11/12/2021,360050110,32.4
11/13/2021,360050110,39.9
11/14/2021,360050110,16.5
11/15/2021,360050110,25.7
11/16/2021,360050110,26.2
11/17/2021,360050110,44.8
11/18/2021,360050110,41.5
11/19/2021,360050110,16.2
11/20/2021,360050110,28.4
11/21/2021,360050110,21.5
11/22/2021,360050110,21.6
11/23/2021,360050110,15.8
11/24/2021,360050110,27.1
11/25/2021,360050110,31.5
11/26/2021,360050110,32
11/27/2021,360050110,12.5
11/28/2021,360050110,26.3
11/29/2021,360050110,18.4
11/30/2021,360050110,27.4
12/1/2021,360050110,22.2
12/2/2021,360050110,18.4
12/3/2021,360050110,8.5
12/4/2021,360050110,16.6
12/5/2021,360050110,13.5
12/6/2021,360050110,17.4
12/7/2021,360050110,9
12/8/2021,360050110,26.7
12/9/2021,360050110,35
12/10/2021,360050110,46.6
12/11/2021,360050110,38.4
12/12/2021,360050110,20.1
12/13/2021,360050110,33.3
12/14/2021,360050110,34.3
12/15/2021,360050110,38.6
12/16/2021,360050110,37.8
12/17/2021,360050110,25.7
12/18/2021,360050110,26.2
12/19/2021,360050110,21.5
12/20/2021,360050110,41.3
12/21/2021,360050110,36.8
12/22/2021,360050110,31.5
12/23/2021,360050110,24.4
12/24/2021,360050110,26.2
12/25/2021,360050110,32.2
12/26/2021,360050110,13.2
12/27/2021,360050110,27.7
12/28/2021,360050110,29.3
12/29/2021,360050110,29.2
12/30/2021,360050110,32.1
1/1/2021,360050133,25.1
1/2/2021,360050133,21.9
1/3/2021,360050133,15
1/4/2021,360050133,17.4
1/5/2021,360050133,21.4
1/6/2021,360050133,20.1
1/7/2021,360050133,16.1
1/8/2021,360050133,19.3
1/9/2021,360050133,15
1/10/2021,360050133,31.4
1/11/2021,360050133,40.3
1/12/2021,360050133,41.3
1/13/2021,360050133,33.2
1/14/2021,360050133,43.9
1/15/2021,360050133,25.2
1/16/2021,360050133,17.8
1/17/2021,360050133,16.1
1/18/2021,360050133,23.7
1/19/2021,360050133,25.6
1/20/2021,360050133,34.2
1/21/2021,360050133,42.1
1/22/2021,360050133,35.5
1/23/2021,360050133,9
1/24/2021,360050133,12.4
1/25/2021,360050133,20.4
1/26/2021,360050133,18
1/27/2021,360050133,24.6
1/28/2021,360050133,15
1/29/2021,360050133,9.6
1/30/2021,360050133,17.9
1/31/2021,360050133,19.1
2/1/2021,360050133,13.3
2/2/2021,360050133,13.2
2/3/2021,360050133,18.3
2/4/2021,360050133,49.4
2/5/2021,360050133,53.4
2/6/2021,360050133,34.7
2/7/2021,360050133,44.8
2/8/2021,360050133,45.4
2/9/2021,360050133,44.8
2/10/2021,360050133,28.8
2/11/2021,360050133,14.4
2/12/2021,360050133,21.4
2/13/2021,360050133,25.6
2/14/2021,360050133,18.6
2/15/2021,360050133,25.5
2/16/2021,360050133,36.4
2/17/2021,360050133,22
2/18/2021,360050133,19
2/19/2021,360050133,21.1
2/20/2021,360050133,17.6
2/21/2021,360050133,45.6
2/22/2021,360050133,49.8
2/23/2021,360050133,34.5
2/24/2021,360050133,37.2
2/25/2021,360050133,25.9
2/26/2021,360050133,24.3
2/27/2021,360050133,34.2
2/28/2021,360050133,33
3/1/2021,360050133,44.2
3/2/2021,360050133,33.4
3/3/2021,360050133,39.1
3/4/2021,360050133,25.4
3/5/2021,360050133,15.2
3/6/2021,360050133,16.2
3/7/2021,360050133,14.5
3/8/2021,360050133,37.9
3/9/2021,360050133,40.6
3/10/2021,360050133,40.8
3/11/2021,360050133,53.6
3/12/2021,360050133,18.3
3/13/2021,360050133,22.6
3/14/2021,360050133,17.4
3/15/2021,360050133,15.3
3/16/2021,360050133,22.5
3/17/2021,360050133,36.2
3/18/2021,360050133,44.9
3/19/2021,360050133,20.9
3/20/2021,360050133,48.9
3/21/2021,360050133,47.1
3/22/2021,360050133,45
3/23/2021,360050133,22.6
3/24/2021,360050133,22.2
3/25/2021,360050133,36.3
3/26/2021,360050133,30.2
3/27/2021,360050133,19.5
3/28/2021,360050133,25.1
3/29/2021,360050133,12
3/30/2021,360050133,40.8
3/31/2021,360050133,29.7
4/1/2021,360050133,23.6
4/2/2021,360050133,11.3
4/3/2021,360050133,39.4
4/4/2021,360050133,26.1
4/5/2021,360050133,16.1
4/6/2021,360050133,40
4/7/2021,360050133,31.1
4/8/2021,360050133,38.2
4/9/2021,360050133,22.3
4/10/2021,360050133,29.2
4/11/2021,360050133,20.4
4/12/2021,360050133,16.5
4/13/2021,360050133,22.8
4/14/2021,360050133,37
4/15/2021,360050133,17.5
4/16/2021,360050133,16.9
4/17/2021,360050133,12.4
4/18/2021,360050133,44.1
4/19/2021,360050133,35.8
4/20/2021,360050133,42.4
4/21/2021,360050133,29.8
4/22/2021,360050133,10.4
4/23/2021,360050133,22.2
4/24/2021,360050133,27.8
4/25/2021,360050133,19.4
4/26/2021,360050133,8.2
4/27/2021,360050133,36.9
4/28/2021,360050133,42.5
4/29/2021,360050133,65.2
4/30/2021,360050133,8.4
5/1/2021,360050133,25.6
5/2/2021,360050133,14.9
5/3/2021,360050133,18.2
5/4/2021,360050133,13.2
5/5/2021,360050133,23.5
5/6/2021,360050133,16.8
5/7/2021,360050133,13.8
5/8/2021,360050133,17.3
5/9/2021,360050133,15.7
5/10/2021,360050133,27.3
5/11/2021,360050133,17.6
5/12/2021,360050133,27.4
5/13/2021,360050133,23.2
5/14/2021,360050133,25.8
5/15/2021,360050133,26.5
5/16/2021,360050133,28.6
5/17/2021,360050133,22
5/18/2021,360050133,28.7
5/19/2021,360050133,18.1
5/20/2021,360050133,21.5
5/21/2021,360050133,30
5/22/2021,360050133,31.5
5/23/2021,360050133,8.3
5/24/2021,360050133,7.2
5/25/2021,360050133,23.4
5/26/2021,360050133,21.4
5/27/2021,360050133,13
5/28/2021,360050133,6
5/29/2021,360050133,5
5/30/2021,360050133,8.7
5/31/2021,360050133,22.1
6/1/2021,360050133,29.2
6/2/2021,360050133,33.5
6/3/2021,360050133,29.8
6/4/2021,360050133,46.7
6/5/2021,360050133,25.9
6/6/2021,360050133,26.3
6/7/2021,360050133,35.1
6/8/2021,360050133,31.9
6/9/2021,360050133,27.5
6/10/2021,360050133,8.5
6/11/2021,360050133,11.1
6/12/2021,360050133,15.8
6/13/2021,360050133,22.8
6/14/2021,360050133,15.7
6/15/2021,360050133,19.3
6/16/2021,360050133,8.8
6/17/2021,360050133,23.5
6/18/2021,360050133,32.2
6/19/2021,360050133,14.8
6/20/2021,360050133,26.3
6/21/2021,360050133,23.3
6/22/2021,360050133,15.9
6/23/2021,360050133,30.8
6/24/2021,360050133,30.7
6/25/2021,360050133,16
6/26/2021,360050133,12
6/27/2021,360050133,16.2
6/28/2021,360050133,26.9
6/29/2021,360050133,16.3
6/30/2021,360050133,20.3
7/1/2021,360050133,26.1
7/2/2021,360050133,23.4
7/3/2021,360050133,5
7/4/2021,360050133,23.2
7/5/2021,360050133,16.1
7/6/2021,360050133,27.8
7/7/2021,360050133,26.8
7/8/2021,360050133,17.4
7/9/2021,360050133,22.3
7/10/2021,360050133,17.3
7/11/2021,360050133,12.4
7/12/2021,360050133,26.8
7/13/2021,360050133,6.9
7/14/2021,360050133,23.5
7/15/2021,360050133,22.3
7/16/2021,360050133,19.3
7/17/2021,360050133,19.9
7/18/2021,360050133,11.7
7/19/2021,360050133,31.9
7/20/2021,360050133,24
7/21/2021,360050133,23.4
7/22/2021,360050133,9.2
7/23/2021,360050133,16
7/24/2021,360050133,19.6
7/25/2021,360050133,12.5
7/26/2021,360050133,24.8
7/27/2021,360050133,44.2
7/28/2021,360050133,11.3
7/29/2021,360050133,20.8
7/30/2021,360050133,12.2
7/31/2021,360050133,17.5
8/1/2021,360050133,22.3
8/2/2021,360050133,15.3
8/3/2021,360050133,27.7
8/4/2021,360050133,32
8/5/2021,360050133,17
8/6/2021,360050133,28.7
8/7/2021,360050133,18.2
8/8/2021,360050133,13.6
8/9/2021,360050133,18.6
8/10/2021,360050133,23.1
8/11/2021,360050133,29.6
8/12/2021,360050133,31.4
8/13/2021,360050133,32.2
8/14/2021,360050133,13.1
8/15/2021,360050133,9.6
8/16/2021,360050133,12.2
8/17/2021,360050133,9.3
8/18/2021,360050133,19.1
8/19/2021,360050133,13.5
8/20/2021,360050133,21.2
8/21/2021,360050133,15.6
8/22/2021,360050133,13.9
8/23/2021,360050133,15.6
8/24/2021,360050133,21.7
8/25/2021,360050133,35
8/26/2021,360050133,30.2
8/27/2021,360050133,33.4
8/28/2021,360050133,10.1
8/29/2021,360050133,18.1
8/30/2021,360050133,22.2
8/31/2021,360050133,16.6
9/1/2021,360050133,21.1
9/2/2021,360050133,12.2
9/3/2021,360050133,12.6
9/4/2021,360050133,21.6
9/5/2021,360050133,22.6
9/6/2021,360050133,13.5
9/7/2021,360050133,24.4
9/8/2021,360050133,24
9/9/2021,360050133,37.3
9/10/2021,360050133,13
9/11/2021,360050133,17.5
9/12/2021,360050133,14.8
9/13/2021,360050133,21.4
9/14/2021,360050133,19.8
9/15/2021,360050133,31.9
9/16/2021,360050133,9.9
9/17/2021,360050133,7.3
9/18/2021,360050133,23.2
9/19/2021,360050133,19.5
9/20/2021,360050133,16.7
9/21/2021,360050133,19.1
9/22/2021,360050133,10.5
9/23/2021,360050133,13.6
9/24/2021,360050133,21.8
9/25/2021,360050133,32.6
9/26/2021,360050133,28.5
9/27/2021,360050133,23.5
9/28/2021,360050133,28.7
9/29/2021,360050133,15
9/30/2021,360050133,13.7
10/1/2021,360050133,26.7
10/2/2021,360050133,28.5
10/3/2021,360050133,25.3
10/4/2021,360050133,28.4
10/5/2021,360050133,9.4
10/6/2021,360050133,27.9
10/7/2021,360050133,36.1
10/8/2021,360050133,32.2
10/9/2021,360050133,5.9
10/10/2021,360050133,4.5
10/11/2021,360050133,15.1
10/12/2021,360050133,30.5
10/13/2021,360050133,33.9
10/14/2021,360050133,31.9
10/15/2021,360050133,33.7
10/16/2021,360050133,15.8
10/17/2021,360050133,12.3
10/18/2021,360050133,15.8
10/19/2021,360050133,21.1
10/20/2021,360050133,30.2
10/21/2021,360050133,40.9
10/22/2021,360050133,19.5
10/23/2021,360050133,11.2
10/24/2021,360050133,22.8
10/25/2021,360050133,28.1
10/26/2021,360050133,19.1
10/27/2021,360050133,9.6
10/28/2021,360050133,17.1
10/29/2021,360050133,14.6
10/30/2021,360050133,14.6
11/1/2021,360050133,27.1
11/2/2021,360050133,30.4
11/3/2021,360050133,16.8
11/4/2021,360050133,31.3
11/5/2021,360050133,32.6
11/6/2021,360050133,36.2
11/7/2021,360050133,35.3
11/8/2021,360050133,40.8
11/9/2021,360050133,50.4
11/10/2021,360050133,39.8
11/11/2021,360050133,30.8
11/12/2021,360050133,33.5
11/13/2021,360050133,31
11/14/2021,360050133,16.1
11/15/2021,360050133,23.9
11/16/2021,360050133,28
11/17/2021,360050133,39.2
11/18/2021,360050133,48.3
11/19/2021,360050133,15.7
11/20/2021,360050133,26.1
11/21/2021,360050133,20.7
11/22/2021,360050133,20.7
11/23/2021,360050133,15
11/24/2021,360050133,28.8
11/25/2021,360050133,32.5
11/26/2021,360050133,34.9
11/27/2021,360050133,13.6
11/28/2021,360050133,31.7
11/29/2021,360050133,23
11/30/2021,360050133,33.6
12/1/2021,360050133,40.2
12/2/2021,360050133,33.4
12/3/2021,360050133,14.2
12/4/2021,360050133,31.9
12/5/2021,360050133,26.1
12/6/2021,360050133,34.2
12/7/2021,360050133,22.8
12/8/2021,360050133,35.3
12/9/2021,360050133,35.3
12/10/2021,360050133,39.3
12/11/2021,360050133,32
12/12/2021,360050133,16.7
12/13/2021,360050133,32.2
12/14/2021,360050133,33.3
12/15/2021,360050133,32.1
12/16/2021,360050133,35.8
12/17/2021,360050133,28.6
12/18/2021,360050133,18.1
12/19/2021,360050133,16.1
12/20/2021,360050133,38.5
12/21/2021,360050133,32.9
12/22/2021,360050133,27.7
12/23/2021,360050133,16.9
12/24/2021,360050133,18.8
12/25/2021,360050133,28
12/26/2021,360050133,8.2
12/27/2021,360050133,19.3
12/28/2021,360050133,24.1
12/29/2021,360050133,19.1
12/30/2021,360050133,23.7
12/31/2021,360050133,25.7
1/1/2023,360050110,34.1
1/2/2023,360050110,36.7
1/3/2023,360050110,39
1/4/2023,360050110,35.8
1/5/2023,360050110,19.3
1/6/2023,360050110,25.2
1/7/2023,360050110,19
1/8/2023,360050110,33.6
1/9/2023,360050110,26
1/10/2023,360050110,33.8
1/11/2023,360050110,31.2
1/12/2023,360050110,32.5
1/13/2023,360050110,36.4
1/14/2023,360050110,11.6
1/15/2023,360050110,13.5
1/16/2023,360050110,20.5
1/17/2023,360050110,51.2
1/18/2023,360050110,35.2
1/19/2023,360050110,26.6
1/20/2023,360050110,24.2
1/21/2023,360050110,12.9
1/22/2023,360050110,25.7
1/23/2023,360050110,19.6
1/24/2023,360050110,23.3
1/25/2023,360050110,33.9
1/26/2023,360050110,16.7
1/27/2023,360050110,26.4
1/28/2023,360050110,33.6
1/29/2023,360050110,44.9
1/30/2023,360050110,41.9
2/1/2023,360050110,23.8
2/2/2023,360050110,46.5
2/3/2023,360050110,24.9
2/4/2023,360050110,23.4
2/5/2023,360050110,55.6
2/6/2023,360050110,53
2/7/2023,360050110,36.2
2/8/2023,360050110,36.7
2/9/2023,360050110,78.8
2/10/2023,360050110,45.3
2/11/2023,360050110,40.8
2/12/2023,360050110,41.8
2/13/2023,360050110,26
2/14/2023,360050110,52.3
2/15/2023,360050110,47.9
2/16/2023,360050110,55
2/17/2023,360050110,37.3
2/18/2023,360050110,23.6
2/19/2023,360050110,43.4
2/20/2023,360050110,41.6
2/21/2023,360050110,40.3
2/22/2023,360050110,31.9
2/23/2023,360050110,27.3
2/24/2023,360050110,27.7
2/25/2023,360050110,35.4
2/26/2023,360050110,43.2
2/27/2023,360050110,30.8
3/1/2023,360050110,42.1
3/2/2023,360050110,37.1
3/3/2023,360050110,33.3
3/4/2023,360050110,15.8
3/5/2023,360050110,18.7
3/6/2023,360050110,23.4
3/7/2023,360050110,26.3
3/8/2023,360050110,15
3/9/2023,360050110,20.1
3/10/2023,360050110,33.4
3/11/2023,360050110,21.3
3/12/2023,360050110,20.8
3/13/2023,360050110,25.6
3/14/2023,360050110,16.3
3/15/2023,360050110,12
3/16/2023,360050110,64.7
3/17/2023,360050110,52.2
3/18/2023,360050110,20.4
3/19/2023,360050110,21
3/20/2023,360050110,39.9
3/21/2023,360050110,49
3/22/2023,360050110,49.6
3/24/2023,360050110,26.7
3/25/2023,360050110,15.1
3/26/2023,360050110,30.6
3/27/2023,360050110,69.3
3/28/2023,360050110,19.4
3/29/2023,360050110,24.7
3/30/2023,360050110,22
4/1/2023,360050110,29.6
4/2/2023,360050110,14
4/3/2023,360050110,46.7
4/4/2023,360050110,40.1
4/5/2023,360050110,15
4/6/2023,360050110,47.5
4/7/2023,360050110,9.1
4/8/2023,360050110,29.9
4/9/2023,360050110,37
4/10/2023,360050110,47.5
4/11/2023,360050110,38.6
4/12/2023,360050110,36.4
4/13/2023,360050110,35.6
4/14/2023,360050110,40.6
4/15/2023,360050110,29.1
4/16/2023,360050110,21
4/17/2023,360050110,29.7
4/18/2023,360050110,19
4/19/2023,360050110,37
4/20/2023,360050110,28.8
4/21/2023,360050110,46.9
4/22/2023,360050110,14.3
4/23/2023,360050110,15.2
4/24/2023,360050110,25.4
4/25/2023,360050110,30.1
4/26/2023,360050110,32.8
4/27/2023,360050110,28.2
4/28/2023,360050110,19.9
4/29/2023,360050110,11.6
5/1/2023,360050110,16.6
5/2/2023,360050110,29.9
5/3/2023,360050110,16.4
5/4/2023,360050110,35.1
5/5/2023,360050110,40.7
5/6/2023,360050110,40.9
5/7/2023,360050110,27.1
5/8/2023,360050110,14.4
5/9/2023,360050110,30.6
5/10/2023,360050110,40.2
5/11/2023,360050110,27.8
5/12/2023,360050110,30.8
5/13/2023,360050110,23.8
5/14/2023,360050110,8.2
5/15/2023,360050110,17.2
5/16/2023,360050110,25
5/17/2023,360050110,10.4
5/18/2023,360050110,24.1
5/19/2023,360050110,27.5
5/20/2023,360050110,24.2
5/21/2023,360050110,28.1
5/22/2023,360050110,21.6
5/23/2023,360050110,19.3
5/24/2023,360050110,39.2
5/25/2023,360050110,14.4
5/26/2023,360050110,34.7
5/27/2023,360050110,22.3
5/28/2023,360050110,26.9
5/29/2023,360050110,35
5/30/2023,360050110,18.4
6/1/2023,360050110,41.1
6/2/2023,360050110,42.5
6/3/2023,360050110,12.9
6/4/2023,360050110,7.2
6/5/2023,360050110,9.7
6/6/2023,360050110,22.9
6/7/2023,360050110,15.9
6/8/2023,360050110,24.2
6/9/2023,360050110,19.6
6/10/2023,360050110,32.6
6/11/2023,360050110,34.4
6/12/2023,360050110,18.1
6/13/2023,360050110,15.4
6/14/2023,360050110,31.9
6/15/2023,360050110,16.7
6/16/2023,360050110,40.9
6/17/2023,360050110,9.9
6/18/2023,360050110,13.1
6/19/2023,360050110,11.9
6/20/2023,360050110,11.9
6/21/2023,360050110,7.7
6/22/2023,360050110,9.2
6/23/2023,360050110,21.2
6/24/2023,360050110,26.5
6/25/2023,360050110,27.6
6/26/2023,360050110,29.5
6/27/2023,360050110,31.8
6/28/2023,360050110,21.9
6/29/2023,360050110,44.3
6/30/2023,360050110,41
7/1/2023,360050110,24.9
7/2/2023,360050110,23.9
7/3/2023,360050110,15.4
7/4/2023,360050110,26.5
7/5/2023,360050110,28.4
7/6/2023,360050110,35.1
7/7/2023,360050110,23.5
7/8/2023,360050110,20.9
7/9/2023,360050110,14.5
7/10/2023,360050110,15.9
7/11/2023,360050110,16.3
7/12/2023,360050110,33.3
7/13/2023,360050110,32.4
7/14/2023,360050110,20.2
7/15/2023,360050110,38
7/16/2023,360050110,24.7
7/17/2023,360050110,21.9
7/18/2023,360050110,31.2
7/19/2023,360050110,29.6
7/20/2023,360050110,22.6
7/21/2023,360050110,25.5
7/22/2023,360050110,16.3
7/23/2023,360050110,15.6
7/24/2023,360050110,30
7/25/2023,360050110,29
7/26/2023,360050110,24.7
7/27/2023,360050110,19.8
7/28/2023,360050110,22.6
7/29/2023,360050110,13.9
7/30/2023,360050110,11
8/1/2023,360050110,10.6
8/2/2023,360050110,15.7
8/3/2023,360050110,32.7
8/4/2023,360050110,19.7
8/5/2023,360050110,12.9
8/6/2023,360050110,8.9
8/7/2023,360050110,16.2
8/8/2023,360050110,18.7
8/9/2023,360050110,12.6
8/10/2023,360050110,30.5
8/11/2023,360050110,25.1
8/12/2023,360050110,30.1
8/13/2023,360050110,20.5
8/14/2023,360050110,27.9
8/15/2023,360050110,14.9
8/16/2023,360050110,17.6
8/17/2023,360050110,21.8
8/18/2023,360050110,21.7
8/19/2023,360050110,11.9
8/20/2023,360050110,14.8
8/21/2023,360050110,27.1
8/22/2023,360050110,13.8
8/23/2023,360050110,15.8
8/24/2023,360050110,21.1
8/25/2023,360050110,34.4
8/26/2023,360050110,35.3
8/27/2023,360050110,24.3
8/28/2023,360050110,18.7
8/29/2023,360050110,13.4
8/30/2023,360050110,20.1
9/1/2023,360050110,13.2
9/2/2023,360050110,19.5
9/3/2023,360050110,17
9/4/2023,360050110,17.8
9/5/2023,360050110,23.7
9/6/2023,360050110,33.2
9/7/2023,360050110,26.1
9/8/2023,360050110,36.6
9/9/2023,360050110,31.5
9/10/2023,360050110,21.5
9/11/2023,360050110,36.5
9/12/2023,360050110,18.9
9/13/2023,360050110,19.1
9/14/2023,360050110,10.4
9/15/2023,360050110,8.6
9/16/2023,360050110,10.6
9/17/2023,360050110,24.8
9/18/2023,360050110,38.6
9/19/2023,360050110,16
9/20/2023,360050110,30.3
9/28/2023,360050110,29.2
9/29/2023,360050110,15.1
10/1/2023,360050110,16.9
10/2/2023,360050110,32.7
10/3/2023,360050110,50.8
10/4/2023,360050110,48.4
10/5/2023,360050110,40.7
10/6/2023,360050110,24.3
10/7/2023,360050110,21.7
10/8/2023,360050110,10.9
10/9/2023,360050110,28.2
10/10/2023,360050110,42.1
10/11/2023,360050110,42.1
10/12/2023,360050110,54.9
10/13/2023,360050110,20.8
10/14/2023,360050110,18.7
10/15/2023,360050110,9.6
10/16/2023,360050110,22.1
10/17/2023,360050110,28.8
10/18/2023,360050110,26.3
10/19/2023,360050110,34.4
10/20/2023,360050110,38.4
10/21/2023,360050110,24.8
10/22/2023,360050110,11.6
10/23/2023,360050110,36.5
10/24/2023,360050110,38
10/26/2023,360050110,55.4
10/27/2023,360050110,46.6
10/28/2023,360050110,26.6
10/29/2023,360050110,11.7
10/30/2023,360050110,25.5
11/1/2023,360050110,20.5
11/2/2023,360050110,27.8
11/3/2023,360050110,41.1
11/4/2023,360050110,48.8
11/5/2023,360050110,45.5
11/6/2023,360050110,37.6
11/7/2023,360050110,41.9
11/8/2023,360050110,28.5
11/9/2023,360050110,44.5
11/10/2023,360050110,31.7
11/11/2023,360050110,28
11/12/2023,360050110,27.5
11/13/2023,360050110,39.1
11/14/2023,360050110,34.1
11/15/2023,360050110,30.2
11/16/2023,360050110,58.8
11/17/2023,360050110,53.4
11/18/2023,360050110,33.2
11/19/2023,360050110,26.5
11/20/2023,360050110,21.8
11/21/2023,360050110,31.6
11/22/2023,360050110,28.7
11/23/2023,360050110,22.1
11/24/2023,360050110,14.7
11/25/2023,360050110,46.2
11/26/2023,360050110,42.8
11/27/2023,360050110,25.7
11/28/2023,360050110,20.9
11/29/2023,360050110,23.9
12/1/2023,360050110,45.2
12/2/2023,360050110,36.7
12/3/2023,360050110,23.9
12/4/2023,360050110,29.3
12/5/2023,360050110,23.1
12/6/2023,360050110,28.2
12/7/2023,360050110,29
12/8/2023,360050110,49.4
12/9/2023,360050110,48.2
12/10/2023,360050110,43.1
12/11/2023,360050110,15.2
12/12/2023,360050110,31.4
12/13/2023,360050110,29.4
12/14/2023,360050110,33.2
12/15/2023,360050110,41.1
12/16/2023,360050110,41.8
12/17/2023,360050110,23.3
12/18/2023,360050110,39.4
12/19/2023,360050110,23.4
12/20/2023,360050110,24.2
12/21/2023,360050110,24
12/22/2023,360050110,47.7
12/23/2023,360050110,40.6
12/24/2023,360050110,38.8
12/25/2023,360050110,32
12/26/2023,360050110,42.7
12/27/2023,360050110,35
12/28/2023,360050110,27
12/29/2023,360050110,30.2
12/30/2023,360050110,18.2
12/31/2023,360050110,19.1
1/1/2023,360050133,34.5
1/2/2023,360050133,37.5
1/3/2023,360050133,35.8
1/4/2023,360050133,31.4
1/5/2023,360050133,17.9
1/6/2023,360050133,23.5
1/7/2023,360050133,19.6
1/8/2023,360050133,34.7
1/9/2023,360050133,29.4
1/10/2023,360050133,23
1/11/2023,360050133,25.3
1/12/2023,360050133,26.8
1/13/2023,360050133,37.3
1/14/2023,360050133,8.5
1/15/2023,360050133,11.7
1/16/2023,360050133,31.1
1/17/2023,360050133,50.2
1/18/2023,360050133,36.8
1/19/2023,360050133,23.9
1/20/2023,360050133,23.7
1/21/2023,360050133,11.7
1/22/2023,360050133,19.8
1/23/2023,360050133,21.1
1/24/2023,360050133,21
1/25/2023,360050133,29.3
1/26/2023,360050133,16
1/27/2023,360050133,28.9
1/28/2023,360050133,37.6
1/29/2023,360050133,43.4
1/30/2023,360050133,42.3
2/1/2023,360050133,16.6
2/2/2023,360050133,44.4
2/3/2023,360050133,22.7
2/4/2023,360050133,23.5
2/5/2023,360050133,52.1
2/6/2023,360050133,48.6
2/7/2023,360050133,31.9
2/8/2023,360050133,33.7
2/9/2023,360050133,51.8
2/10/2023,360050133,47.5
2/11/2023,360050133,30.5
2/12/2023,360050133,41.4
2/13/2023,360050133,26.3
2/14/2023,360050133,51.6
2/15/2023,360050133,47.3
2/16/2023,360050133,57.4
2/17/2023,360050133,33.7
2/18/2023,360050133,22.8
2/19/2023,360050133,40.5
2/20/2023,360050133,45.3
2/21/2023,360050133,39.3
2/22/2023,360050133,28.2
2/23/2023,360050133,23.3
2/24/2023,360050133,22.7
2/25/2023,360050133,38.1
2/26/2023,360050133,39.7
2/27/2023,360050133,22.8
3/1/2023,360050133,37.4
3/2/2023,360050133,35.2
3/3/2023,360050133,26.7
3/4/2023,360050133,12.7
3/5/2023,360050133,19.4
3/6/2023,360050133,21.1
3/7/2023,360050133,24.9
3/8/2023,360050133,11.8
3/9/2023,360050133,17.8
3/10/2023,360050133,26.6
3/11/2023,360050133,16.3
3/12/2023,360050133,14.3
3/13/2023,360050133,15.7
3/14/2023,360050133,15.5
3/15/2023,360050133,9.6
3/16/2023,360050133,58.3
3/17/2023,360050133,50.9
3/18/2023,360050133,14.6
3/19/2023,360050133,20.3
3/20/2023,360050133,34.9
3/21/2023,360050133,47.6
3/22/2023,360050133,48.8
3/23/2023,360050133,44.2
3/24/2023,360050133,26.6
3/25/2023,360050133,14
3/26/2023,360050133,33.3
3/27/2023,360050133,48.4
3/28/2023,360050133,22.5
3/29/2023,360050133,27.2
3/30/2023,360050133,18.3
4/1/2023,360050133,35
4/2/2023,360050133,12.4
4/3/2023,360050133,34.2
4/4/2023,360050133,43.2
4/5/2023,360050133,8.5
4/6/2023,360050133,52.7
4/7/2023,360050133,7.3
4/8/2023,360050133,29.6
4/9/2023,360050133,33
4/10/2023,360050133,56.9
4/11/2023,360050133,45.8
4/12/2023,360050133,50.8
4/13/2023,360050133,41.8
4/14/2023,360050133,51.2
4/15/2023,360050133,24.9
4/16/2023,360050133,10.4
4/17/2023,360050133,15
4/18/2023,360050133,22.1
4/19/2023,360050133,22.2
4/20/2023,360050133,28.2
4/21/2023,360050133,36
4/22/2023,360050133,11.4
4/23/2023,360050133,15.5
4/24/2023,360050133,17.1
4/25/2023,360050133,26.4
4/26/2023,360050133,32
4/27/2023,360050133,32.4
4/28/2023,360050133,9.8
4/29/2023,360050133,6.7
5/1/2023,360050133,19.5
5/2/2023,360050133,30.7
5/3/2023,360050133,17.9
5/4/2023,360050133,40.3
5/5/2023,360050133,39.1
5/6/2023,360050133,39.2
5/7/2023,360050133,29
5/8/2023,360050133,13.2
5/9/2023,360050133,21
5/10/2023,360050133,47
5/11/2023,360050133,28.1
5/12/2023,360050133,43.1
5/13/2023,360050133,27.9
5/14/2023,360050133,9.4
5/15/2023,360050133,14.6
5/16/2023,360050133,22.8
5/17/2023,360050133,10.4
5/18/2023,360050133,15.9
5/19/2023,360050133,31.8
5/20/2023,360050133,25
5/21/2023,360050133,30.6
5/22/2023,360050133,20
5/23/2023,360050133,12.4
5/24/2023,360050133,45.7
5/25/2023,360050133,15.8
5/26/2023,360050133,31.2
5/27/2023,360050133,19.4
5/28/2023,360050133,28.3
5/29/2023,360050133,28.1
5/30/2023,360050133,11.6
6/1/2023,360050133,36
6/2/2023,360050133,49.2
6/3/2023,360050133,7.9
6/4/2023,360050133,7.9
6/5/2023,360050133,12.5
6/6/2023,360050133,22.3
6/7/2023,360050133,13
6/8/2023,360050133,17.8
6/9/2023,360050133,16
6/10/2023,360050133,29.4
6/11/2023,360050133,21.6
6/12/2023,360050133,14
6/13/2023,360050133,14.1
6/14/2023,360050133,27.1
6/15/2023,360050133,19.4
6/16/2023,360050133,33.9
6/17/2023,360050133,8.9
6/18/2023,360050133,19.2
6/19/2023,360050133,10.6
6/20/2023,360050133,6.6
6/21/2023,360050133,5.8
6/22/2023,360050133,9.5
6/23/2023,360050133,11.7
6/24/2023,360050133,17.8
6/25/2023,360050133,26.6
6/26/2023,360050133,12
6/27/2023,360050133,26.2
6/28/2023,360050133,21.4
6/29/2023,360050133,27
6/30/2023,360050133,29.4
7/1/2023,360050133,27.7
7/2/2023,360050133,19.8
7/3/2023,360050133,15.1
7/4/2023,360050133,18.8
7/5/2023,360050133,31
7/6/2023,360050133,34.7
7/7/2023,360050133,14.8
7/8/2023,360050133,15.1
7/9/2023,360050133,10
7/10/2023,360050133,11.7
7/11/2023,360050133,14
7/12/2023,360050133,35.5
7/13/2023,360050133,33.2
7/14/2023,360050133,17.9
7/15/2023,360050133,18.2
7/16/2023,360050133,22.6
7/17/2023,360050133,23.2
7/18/2023,360050133,28.3
7/19/2023,360050133,22.6
7/20/2023,360050133,24
7/21/2023,360050133,22.7
7/22/2023,360050133,20.4
7/23/2023,360050133,15.7
7/24/2023,360050133,31.3
7/25/2023,360050133,20.5
7/26/2023,360050133,21.7
7/27/2023,360050133,16.5
7/28/2023,360050133,17.8
7/29/2023,360050133,14.6
7/30/2023,360050133,15.2
8/1/2023,360050133,9.2
8/2/2023,360050133,15.4
8/3/2023,360050133,24.2
8/4/2023,360050133,15.9
8/5/2023,360050133,15.6
8/6/2023,360050133,10.5
8/7/2023,360050133,13.5
8/8/2023,360050133,16.3
8/9/2023,360050133,15.7
8/10/2023,360050133,33.1
8/11/2023,360050133,26.8
8/12/2023,360050133,29.3
8/13/2023,360050133,16.6
8/14/2023,360050133,28.5
8/15/2023,360050133,11.8
8/16/2023,360050133,8.6
8/17/2023,360050133,7
8/18/2023,360050133,12.4
8/19/2023,360050133,10.8
8/20/2023,360050133,13
8/21/2023,360050133,27.3
8/22/2023,360050133,19.5
8/23/2023,360050133,12.6
8/24/2023,360050133,19.7
8/25/2023,360050133,30.3
8/26/2023,360050133,23.7
8/27/2023,360050133,16
8/28/2023,360050133,10.6
8/29/2023,360050133,8.6
8/30/2023,360050133,20.9
9/1/2023,360050133,17.1
9/2/2023,360050133,19.3
9/3/2023,360050133,16.1
9/4/2023,360050133,22
9/5/2023,360050133,24.3
9/6/2023,360050133,21.4
9/7/2023,360050133,26.7
9/8/2023,360050133,28.4
9/9/2023,360050133,35.5
9/10/2023,360050133,21.2
9/11/2023,360050133,30.5
9/12/2023,360050133,15.2
9/13/2023,360050133,21.4
9/14/2023,360050133,13.9
9/15/2023,360050133,7.3
9/16/2023,360050133,11.8
9/17/2023,360050133,19.4
9/18/2023,360050133,20.8
9/19/2023,360050133,16
9/20/2023,360050133,23.4
9/21/2023,360050133,28.6
9/22/2023,360050133,21.6
9/23/2023,360050133,5
9/24/2023,360050133,4.3
9/26/2023,360050133,16.7
9/27/2023,360050133,19.3
9/28/2023,360050133,22.1
9/29/2023,360050133,13.6
10/1/2023,360050133,18
10/2/2023,360050133,35.3
10/3/2023,360050133,46.8
10/4/2023,360050133,43.4
10/5/2023,360050133,36.5
10/6/2023,360050133,15.7
10/7/2023,360050133,9.4
10/8/2023,360050133,9.4
10/9/2023,360050133,30.7
10/10/2023,360050133,35
10/11/2023,360050133,37.8
10/12/2023,360050133,54.4
10/13/2023,360050133,19.8
10/14/2023,360050133,17.6
10/15/2023,360050133,8.8
10/16/2023,360050133,20.1
10/17/2023,360050133,23.8
10/18/2023,360050133,31
10/19/2023,360050133,35.1
10/20/2023,360050133,16
10/21/2023,360050133,17
10/22/2023,360050133,9.1
10/23/2023,360050133,27.9
10/24/2023,360050133,38.1
10/25/2023,360050133,57
10/26/2023,360050133,72.3
10/27/2023,360050133,60.4
10/28/2023,360050133,36.7
10/29/2023,360050133,10.7
10/30/2023,360050133,19.9
11/1/2023,360050133,14.9
11/2/2023,360050133,29.4
11/3/2023,360050133,40.9
11/4/2023,360050133,53.4
11/5/2023,360050133,42.2
11/6/2023,360050133,37.5
11/7/2023,360050133,47.3
11/8/2023,360050133,24.2
11/9/2023,360050133,36.9
11/10/2023,360050133,31.3
11/11/2023,360050133,30
11/12/2023,360050133,28.8
11/13/2023,360050133,43.7
11/14/2023,360050133,31.1
11/15/2023,360050133,35.3
11/16/2023,360050133,55.8
11/17/2023,360050133,53.6
11/18/2023,360050133,37.8
11/19/2023,360050133,28.6
11/20/2023,360050133,23.3
11/21/2023,360050133,29.3
11/22/2023,360050133,30.3
11/23/2023,360050133,26.6
11/24/2023,360050133,18
11/25/2023,360050133,53.4
11/26/2023,360050133,53.6
11/27/2023,360050133,29
11/28/2023,360050133,25.9
11/29/2023,360050133,30.8
12/1/2023,360050133,57.8
12/2/2023,360050133,41.3
12/3/2023,360050133,25.8
12/4/2023,360050133,36.7
12/5/2023,360050133,26.5
12/6/2023,360050133,30.3
12/7/2023,360050133,34.2
12/8/2023,360050133,53.3
12/9/2023,360050133,55.4
12/10/2023,360050133,48.1
12/11/2023,360050133,18.3
12/12/2023,360050133,32.8
12/13/2023,360050133,30.8
12/14/2023,360050133,34.5
12/15/2023,360050133,37.4
12/16/2023,360050133,39.9
12/17/2023,360050133,15
12/18/2023,360050133,16.1
12/19/2023,360050133,21.5
12/20/2023,360050133,27.2
12/21/2023,360050133,29.3
12/22/2023,360050133,41.8
12/23/2023,360050133,39.5
12/24/2023,360050133,36.8
12/25/2023,360050133,29.8
12/26/2023,360050133,39
12/27/2023,360050133,29.4
12/28/2023,360050133,18.2
12/29/2023,360050133,27.8
12/30/2023,360050133,17.6
12/31/2023,360050133,17
1/1/2021,360810124,25.5
1/2/2021,360810124,28.3
1/3/2021,360810124,17
1/4/2021,360810124,20.5
1/5/2021,360810124,21
1/6/2021,360810124,25.8
1/7/2021,360810124,18.9
1/8/2021,360810124,25.4
1/9/2021,360810124,16
1/10/2021,360810124,36.3
1/11/2021,360810124,42.8
1/12/2021,360810124,43.6
1/13/2021,360810124,39.8
1/14/2021,360810124,46.3
1/15/2021,360810124,33.7
1/16/2021,360810124,21.3
1/17/2021,360810124,14.1
1/18/2021,360810124,27.6
1/19/2021,360810124,36.4
1/20/2021,360810124,35.7
1/21/2021,360810124,42.1
1/22/2021,360810124,36.4
1/23/2021,360810124,8.3
1/24/2021,360810124,11.5
1/25/2021,360810124,35.9
1/26/2021,360810124,20.8
1/27/2021,360810124,32.9
1/28/2021,360810124,18.5
1/29/2021,360810124,12.6
1/30/2021,360810124,17.6
1/31/2021,360810124,25.1
2/1/2021,360810124,11.8
2/2/2021,360810124,19.5
2/3/2021,360810124,25.7
2/4/2021,360810124,54.5
2/5/2021,360810124,50.2
2/6/2021,360810124,46
2/7/2021,360810124,49.8
2/8/2021,360810124,46
2/9/2021,360810124,46.3
2/10/2021,360810124,41.4
2/11/2021,360810124,36.3
2/12/2021,360810124,30.8
2/13/2021,360810124,23
2/14/2021,360810124,20.5
2/15/2021,360810124,19
2/16/2021,360810124,38.6
2/17/2021,360810124,31
2/18/2021,360810124,15.5
2/19/2021,360810124,30.8
2/20/2021,360810124,25.1
2/21/2021,360810124,33.5
2/22/2021,360810124,44.3
2/23/2021,360810124,38.3
2/24/2021,360810124,39
2/25/2021,360810124,23.2
2/26/2021,360810124,28.6
2/27/2021,360810124,34.2
2/28/2021,360810124,37.9
3/1/2021,360810124,41.7
3/2/2021,360810124,36.4
3/3/2021,360810124,44.1
3/4/2021,360810124,43.8
3/5/2021,360810124,12.6
3/6/2021,360810124,14.5
3/7/2021,360810124,12.6
3/8/2021,360810124,39
3/9/2021,360810124,42.6
3/10/2021,360810124,45.1
3/11/2021,360810124,46
3/12/2021,360810124,26.1
3/13/2021,360810124,25.4
3/14/2021,360810124,19.4
3/15/2021,360810124,15
3/16/2021,360810124,19.5
3/17/2021,360810124,24.7
3/18/2021,360810124,36.3
3/19/2021,360810124,21.2
3/20/2021,360810124,43.1
3/21/2021,360810124,52
3/22/2021,360810124,38.8
3/23/2021,360810124,21.7
3/24/2021,360810124,28.6
3/25/2021,360810124,32.6
3/26/2021,360810124,19.4
3/27/2021,360810124,14.2
3/28/2021,360810124,14.4
3/29/2021,360810124,29.8
3/30/2021,360810124,43.5
3/31/2021,360810124,21.4
4/1/2021,360810124,24.5
4/2/2021,360810124,11.4
4/3/2021,360810124,43
4/4/2021,360810124,36.2
4/5/2021,360810124,18.7
4/6/2021,360810124,39.5
4/7/2021,360810124,37.3
4/8/2021,360810124,42.8
4/9/2021,360810124,17.2
4/10/2021,360810124,24.2
4/11/2021,360810124,17.9
4/12/2021,360810124,11.3
4/13/2021,360810124,15.3
4/14/2021,360810124,31.4
4/15/2021,360810124,26.3
4/16/2021,360810124,25.8
4/17/2021,360810124,12
4/18/2021,360810124,39.5
4/19/2021,360810124,42.4
4/21/2021,360810124,13.5
4/22/2021,360810124,10.8
4/23/2021,360810124,19.8
4/24/2021,360810124,40.3
4/25/2021,360810124,14.6
4/26/2021,360810124,11
4/27/2021,360810124,31.4
4/28/2021,360810124,47.6
4/29/2021,360810124,51.6
4/30/2021,360810124,9.1
5/1/2021,360810124,38.6
5/2/2021,360810124,18.7
5/3/2021,360810124,17.2
5/4/2021,360810124,20.1
5/5/2021,360810124,31.8
5/6/2021,360810124,14
5/7/2021,360810124,16.8
5/8/2021,360810124,18.6
5/9/2021,360810124,13.3
5/10/2021,360810124,32.1
5/11/2021,360810124,35.9
5/12/2021,360810124,34.9
5/13/2021,360810124,30.4
5/14/2021,360810124,42.2
5/15/2021,360810124,36
5/16/2021,360810124,26.9
5/17/2021,360810124,39.2
5/18/2021,360810124,35
5/19/2021,360810124,33.1
5/20/2021,360810124,30.7
5/21/2021,360810124,30.4
5/22/2021,360810124,33.8
5/23/2021,360810124,8.6
5/24/2021,360810124,6.8
5/25/2021,360810124,9
5/26/2021,360810124,13.1
5/27/2021,360810124,11.6
5/28/2021,360810124,6.3
5/29/2021,360810124,3.7
5/30/2021,360810124,6.6
5/31/2021,360810124,20.5
6/1/2021,360810124,30.6
6/2/2021,360810124,27.8
6/3/2021,360810124,26.7
6/4/2021,360810124,30.4
6/5/2021,360810124,22.4
6/6/2021,360810124,17.6
6/7/2021,360810124,22.4
6/8/2021,360810124,41.5
6/9/2021,360810124,26.2
6/10/2021,360810124,9.3
6/11/2021,360810124,9.4
6/12/2021,360810124,12.3
6/13/2021,360810124,13.1
6/14/2021,360810124,12.6
6/15/2021,360810124,20.1
6/16/2021,360810124,12.6
6/17/2021,360810124,25.2
6/18/2021,360810124,34.4
6/19/2021,360810124,12.9
6/20/2021,360810124,21.5
6/21/2021,360810124,19
6/22/2021,360810124,22
6/23/2021,360810124,12.8
6/24/2021,360810124,29.6
6/25/2021,360810124,14.5
6/26/2021,360810124,12.1
6/27/2021,360810124,12.9
6/28/2021,360810124,13.8
6/30/2021,360810124,16.6
7/1/2021,360810124,22.6
7/2/2021,360810124,16
7/3/2021,360810124,4.4
7/4/2021,360810124,14.5
7/5/2021,360810124,14.2
7/6/2021,360810124,20.4
7/7/2021,360810124,27.3
7/8/2021,360810124,14.9
7/9/2021,360810124,13.1
7/10/2021,360810124,28.8
7/11/2021,360810124,15.6
7/12/2021,360810124,17.9
7/13/2021,360810124,11.1
7/14/2021,360810124,31.2
7/16/2021,360810124,20.6
7/17/2021,360810124,32.5
7/18/2021,360810124,9.4
7/19/2021,360810124,17.9
7/20/2021,360810124,25.3
7/21/2021,360810124,28
7/22/2021,360810124,21.6
7/23/2021,360810124,22.5
7/24/2021,360810124,22.6
7/25/2021,360810124,20
7/26/2021,360810124,35.6
7/27/2021,360810124,38.7
7/28/2021,360810124,14.2
7/29/2021,360810124,10
7/30/2021,360810124,15.9
7/31/2021,360810124,17.6
8/1/2021,360810124,24.6
8/2/2021,360810124,16.8
8/3/2021,360810124,18.1
8/4/2021,360810124,37.8
8/5/2021,360810124,15.3
8/6/2021,360810124,35.9
8/7/2021,360810124,19.8
8/8/2021,360810124,10.7
8/9/2021,360810124,19.7
8/10/2021,360810124,15.7
8/11/2021,360810124,17.3
8/12/2021,360810124,19.7
8/13/2021,360810124,31.1
8/14/2021,360810124,19.1
8/15/2021,360810124,16
8/16/2021,360810124,16.7
8/17/2021,360810124,9.2
8/18/2021,360810124,12.8
8/19/2021,360810124,12.1
8/20/2021,360810124,16.2
8/21/2021,360810124,23.4
8/22/2021,360810124,11.9
8/23/2021,360810124,21
8/25/2021,360810124,33
8/26/2021,360810124,33.8
8/27/2021,360810124,49
8/28/2021,360810124,15
8/29/2021,360810124,27.2
8/30/2021,360810124,22.8
8/31/2021,360810124,27.1
9/1/2021,360810124,34.4
9/2/2021,360810124,11.9
9/3/2021,360810124,22.1
9/4/2021,360810124,16.6
9/5/2021,360810124,15.1
9/6/2021,360810124,14.5
9/7/2021,360810124,33.7
9/8/2021,360810124,13.2
9/9/2021,360810124,30.1
9/10/2021,360810124,19.2
9/11/2021,360810124,31.6
9/12/2021,360810124,10.7
9/13/2021,360810124,22.9
9/14/2021,360810124,21.5
9/15/2021,360810124,13.5
9/16/2021,360810124,9.3
9/17/2021,360810124,7.1
9/18/2021,360810124,19.7
9/19/2021,360810124,25.7
9/21/2021,360810124,23.6
9/22/2021,360810124,8.9
9/23/2021,360810124,12.3
9/24/2021,360810124,27
9/25/2021,360810124,31.8
9/26/2021,360810124,27.1
9/27/2021,360810124,23.6
9/28/2021,360810124,25.3
9/29/2021,360810124,16.9
9/30/2021,360810124,16.1
10/1/2021,360810124,30.5
10/2/2021,360810124,29.6
10/3/2021,360810124,25.1
10/4/2021,360810124,23.4
10/5/2021,360810124,8.6
10/6/2021,360810124,31.5
10/7/2021,360810124,23.4
10/8/2021,360810124,30.8
10/9/2021,360810124,6.3
10/10/2021,360810124,2.9
10/11/2021,360810124,20.6
10/12/2021,360810124,26.3
10/13/2021,360810124,35.7
10/14/2021,360810124,33.7
10/15/2021,360810124,31.1
10/16/2021,360810124,14.5
10/17/2021,360810124,9.2
10/18/2021,360810124,23.4
10/19/2021,360810124,23.9
10/20/2021,360810124,33.2
10/21/2021,360810124,47.1
10/22/2021,360810124,22.3
10/23/2021,360810124,15.3
10/24/2021,360810124,22.9
10/25/2021,360810124,23.7
10/26/2021,360810124,12.7
10/27/2021,360810124,7.6
10/28/2021,360810124,21.8
10/29/2021,360810124,13.1
10/30/2021,360810124,14.4
11/1/2021,360810124,24
11/2/2021,360810124,36.3
11/4/2021,360810124,36.6
11/5/2021,360810124,39.7
11/6/2021,360810124,41.9
11/7/2021,360810124,41.1
11/8/2021,360810124,48.4
11/9/2021,360810124,58.2
11/10/2021,360810124,52.1
11/11/2021,360810124,37.9
11/12/2021,360810124,38.7
11/13/2021,360810124,35.5
11/14/2021,360810124,20.1
11/15/2021,360810124,29.9
11/16/2021,360810124,31.1
11/17/2021,360810124,47.9
11/18/2021,360810124,32.3
11/19/2021,360810124,13.4
11/20/2021,360810124,36.4
11/21/2021,360810124,31.4
11/22/2021,360810124,23.8
11/23/2021,360810124,23.3
11/24/2021,360810124,37.4
11/25/2021,360810124,41
11/26/2021,360810124,38.6
11/27/2021,360810124,13.7
11/28/2021,360810124,37.3
11/29/2021,360810124,23.8
11/30/2021,360810124,46
12/1/2021,360810124,45.9
12/2/2021,360810124,33.5
12/3/2021,360810124,18.4
12/4/2021,360810124,39.8
12/5/2021,360810124,35.4
12/6/2021,360810124,34.8
12/7/2021,360810124,26.7
12/8/2021,360810124,32
12/9/2021,360810124,39
12/10/2021,360810124,46.8
12/11/2021,360810124,41
12/12/2021,360810124,18.2
12/13/2021,360810124,30.2
12/14/2021,360810124,36.6
12/15/2021,360810124,35.6
12/16/2021,360810124,27.1
12/17/2021,360810124,32.4
12/18/2021,360810124,24.9
12/19/2021,360810124,22.3
12/20/2021,360810124,36.3
12/21/2021,360810124,39.3
12/22/2021,360810124,33.3
12/23/2021,360810124,24.6
12/24/2021,360810124,29.8
12/25/2021,360810124,34.2
12/26/2021,360810124,16.3
12/27/2021,360810124,25.9
12/28/2021,360810124,31.3
12/29/2021,360810124,22
1/1/2021,360810125,28
1/2/2021,360810125,28.5
1/3/2021,360810125,19
1/4/2021,360810125,24.1
1/5/2021,360810125,28.6
1/6/2021,360810125,29.9
1/7/2021,360810125,25.7
1/8/2021,360810125,29
1/9/2021,360810125,19.4
1/10/2021,360810125,36.9
1/11/2021,360810125,40.8
1/13/2021,360810125,39
1/14/2021,360810125,44.4
1/15/2021,360810125,36.4
1/16/2021,360810125,24.1
1/17/2021,360810125,13.4
1/18/2021,360810125,27.3
1/19/2021,360810125,34.8
1/20/2021,360810125,36.1
1/21/2021,360810125,40
1/22/2021,360810125,35.4
1/23/2021,360810125,12.5
1/24/2021,360810125,16.2
1/25/2021,360810125,42.9
1/26/2021,360810125,43
1/27/2021,360810125,33.4
1/28/2021,360810125,23.8
1/29/2021,360810125,18
1/30/2021,360810125,24.6
1/31/2021,360810125,27.7
2/1/2021,360810125,13.3
2/2/2021,360810125,21.1
2/3/2021,360810125,30.2
2/4/2021,360810125,52.8
2/5/2021,360810125,49
2/6/2021,360810125,46.5
2/7/2021,360810125,77.4
2/8/2021,360810125,44
2/10/2021,360810125,44.1
2/11/2021,360810125,39.2
2/12/2021,360810125,34.6
2/13/2021,360810125,25.4
2/14/2021,360810125,25.6
2/15/2021,360810125,24.4
2/16/2021,360810125,36.2
2/18/2021,360810125,25.1
2/19/2021,360810125,34
2/20/2021,360810125,27
2/21/2021,360810125,33.5
2/22/2021,360810125,46.2
2/23/2021,360810125,35.9
2/24/2021,360810125,38.8
2/25/2021,360810125,35.3
2/26/2021,360810125,35.9
2/27/2021,360810125,36.1
2/28/2021,360810125,38.8
3/1/2021,360810125,41.9
3/3/2021,360810125,44.1
3/4/2021,360810125,43.5
3/6/2021,360810125,17.9
3/7/2021,360810125,15.6
3/8/2021,360810125,40.4
3/9/2021,360810125,39.9
3/11/2021,360810125,38.1
3/12/2021,360810125,28.7
3/13/2021,360810125,24.8
3/14/2021,360810125,18.3
3/15/2021,360810125,21.7
3/16/2021,360810125,32.7
3/17/2021,360810125,29.4
3/18/2021,360810125,41
3/19/2021,360810125,28.4
3/20/2021,360810125,43
3/21/2021,360810125,51.2
3/22/2021,360810125,38.2
3/24/2021,360810125,32.3
3/25/2021,360810125,34
3/26/2021,360810125,19
3/27/2021,360810125,16.2
3/28/2021,360810125,19.8
3/29/2021,360810125,39.1
3/30/2021,360810125,47.8
3/31/2021,360810125,26.1
4/1/2021,360810125,32.7
4/2/2021,360810125,21.3
4/3/2021,360810125,43
4/4/2021,360810125,38.9
4/5/2021,360810125,31
4/6/2021,360810125,41.3
4/7/2021,360810125,42
4/8/2021,360810125,45.9
4/9/2021,360810125,23
4/10/2021,360810125,26.6
4/11/2021,360810125,20.8
4/12/2021,360810125,24.3
4/13/2021,360810125,26.6
4/14/2021,360810125,32.9
4/15/2021,360810125,30
4/16/2021,360810125,33.9
4/17/2021,360810125,21.5
4/18/2021,360810125,41.2
4/19/2021,360810125,44.9
4/20/2021,360810125,34.5
4/21/2021,360810125,11.3
4/22/2021,360810125,12.3
4/23/2021,360810125,20
4/24/2021,360810125,37.6
4/25/2021,360810125,17.3
4/26/2021,360810125,16.3
4/27/2021,360810125,40.9
4/28/2021,360810125,45.6
4/29/2021,360810125,49.3
5/1/2021,360810125,36.1
5/2/2021,360810125,18.5
5/3/2021,360810125,27.7
5/4/2021,360810125,23.3
5/5/2021,360810125,30.7
5/6/2021,360810125,22
5/7/2021,360810125,24.6
5/8/2021,360810125,24
5/9/2021,360810125,20
5/10/2021,360810125,30.7
5/11/2021,360810125,33.7
5/12/2021,360810125,33.7
5/13/2021,360810125,32.6
5/15/2021,360810125,36.3
5/16/2021,360810125,26.6
5/17/2021,360810125,38.3
5/18/2021,360810125,33.2
5/19/2021,360810125,47.6
5/20/2021,360810125,36.9
5/21/2021,360810125,30.2
5/22/2021,360810125,35.9
5/23/2021,360810125,14.7
5/24/2021,360810125,19.9
5/25/2021,360810125,7.2
5/26/2021,360810125,12.9
5/27/2021,360810125,19.8
5/28/2021,360810125,21.1
5/29/2021,360810125,8.9
5/30/2021,360810125,8.2
5/31/2021,360810125,23.2
6/1/2021,360810125,29.1
6/2/2021,360810125,26.8
6/3/2021,360810125,28.1
6/4/2021,360810125,30.4
6/5/2021,360810125,21.9
6/6/2021,360810125,19.6
6/7/2021,360810125,21.2
6/8/2021,360810125,44
6/9/2021,360810125,26.6
6/10/2021,360810125,22.9
6/12/2021,360810125,12.8
6/13/2021,360810125,11.6
6/14/2021,360810125,14.2
6/15/2021,360810125,28.3
6/16/2021,360810125,19.4
6/17/2021,360810125,29.4
6/18/2021,360810125,33.9
6/19/2021,360810125,13.6
6/20/2021,360810125,22.3
6/21/2021,360810125,13.8
6/22/2021,360810125,21.6
6/23/2021,360810125,18.2
6/24/2021,360810125,30.5
6/25/2021,360810125,17.4
6/26/2021,360810125,9.9
6/27/2021,360810125,13.4
6/28/2021,360810125,15.4
6/29/2021,360810125,23.1
6/30/2021,360810125,16.1
7/1/2021,360810125,37
7/2/2021,360810125,16
7/3/2021,360810125,7.1
7/4/2021,360810125,16.5
7/5/2021,360810125,16.3
7/6/2021,360810125,22.2
7/7/2021,360810125,27.4
7/8/2021,360810125,27.4
7/9/2021,360810125,17.8
7/10/2021,360810125,32.6
7/11/2021,360810125,16.8
7/12/2021,360810125,28.4
7/13/2021,360810125,18.3
7/14/2021,360810125,34.4
7/15/2021,360810125,35.2
7/17/2021,360810125,36.1
7/18/2021,360810125,9.2
7/19/2021,360810125,27
7/21/2021,360810125,35.4
7/22/2021,360810125,22.7
7/23/2021,360810125,26.5
7/24/2021,360810125,23.5
7/25/2021,360810125,19.7
7/26/2021,360810125,36.1
7/27/2021,360810125,61
7/28/2021,360810125,32.1
7/29/2021,360810125,9.5
7/31/2021,360810125,16.4
8/1/2021,360810125,21.1
8/2/2021,360810125,19.1
8/3/2021,360810125,23.7
8/4/2021,360810125,35.3
8/5/2021,360810125,19.1
8/6/2021,360810125,35.4
8/7/2021,360810125,19
8/8/2021,360810125,14.3
8/9/2021,360810125,22.7
8/10/2021,360810125,16.9
8/12/2021,360810125,19.3
8/13/2021,360810125,31.2
8/14/2021,360810125,19
8/15/2021,360810125,19.6
8/16/2021,360810125,20.3
8/17/2021,360810125,7.1
8/18/2021,360810125,13.2
8/19/2021,360810125,10.9
8/20/2021,360810125,22.2
8/21/2021,360810125,20
8/22/2021,360810125,12.8
8/23/2021,360810125,20.7
8/25/2021,360810125,29.5
8/26/2021,360810125,32
8/27/2021,360810125,43
8/28/2021,360810125,20
8/29/2021,360810125,20.5
8/30/2021,360810125,22.5
8/31/2021,360810125,26.1
9/2/2021,360810125,14.1
9/3/2021,360810125,17.1
9/4/2021,360810125,13.9
9/5/2021,360810125,12.7
9/6/2021,360810125,21.3
9/7/2021,360810125,28.9
9/8/2021,360810125,14.4
9/9/2021,360810125,28.6
9/10/2021,360810125,19.4
9/11/2021,360810125,23.7
9/12/2021,360810125,8.4
9/13/2021,360810125,21.2
9/14/2021,360810125,25.4
9/16/2021,360810125,21.4
9/17/2021,360810125,18.1
9/18/2021,360810125,22.5
9/19/2021,360810125,25.4
9/20/2021,360810125,22.2
9/21/2021,360810125,26.8
9/22/2021,360810125,8.8
9/23/2021,360810125,12.1
9/24/2021,360810125,30.3
9/25/2021,360810125,26.3
9/26/2021,360810125,23.5
9/27/2021,360810125,21
9/28/2021,360810125,19.7
9/29/2021,360810125,17.4
9/30/2021,360810125,18
10/1/2021,360810125,25.8
10/2/2021,360810125,23.7
10/3/2021,360810125,20.7
10/4/2021,360810125,25.9
10/5/2021,360810125,18.2
10/6/2021,360810125,27.8
10/7/2021,360810125,21.1
10/8/2021,360810125,30.8
10/9/2021,360810125,11.4
10/10/2021,360810125,13.2
10/11/2021,360810125,23.4
10/12/2021,360810125,24.7
10/13/2021,360810125,32.5
10/14/2021,360810125,26.7
10/15/2021,360810125,27.6
10/16/2021,360810125,17.5
10/17/2021,360810125,8.9
10/18/2021,360810125,20.9
10/19/2021,360810125,21.9
10/20/2021,360810125,28.4
10/21/2021,360810125,39.6
10/22/2021,360810125,17.6
10/23/2021,360810125,16.3
10/24/2021,360810125,21.7
10/25/2021,360810125,24.1
10/26/2021,360810125,21.1
10/27/2021,360810125,11.4
10/28/2021,360810125,23.3
10/29/2021,360810125,26
10/30/2021,360810125,20.2
11/1/2021,360810125,25.5
11/2/2021,360810125,33
11/3/2021,360810125,27.6
11/4/2021,360810125,33.1
11/5/2021,360810125,36
11/6/2021,360810125,32.4
11/7/2021,360810125,35.9
11/8/2021,360810125,38.1
11/9/2021,360810125,47.1
11/10/2021,360810125,44.3
11/11/2021,360810125,34.3
11/12/2021,360810125,33.6
11/13/2021,360810125,29.3
11/14/2021,360810125,17.4
11/15/2021,360810125,25
11/16/2021,360810125,31.1
11/17/2021,360810125,39.9
11/18/2021,360810125,32.7
11/19/2021,360810125,17.7
11/20/2021,360810125,33.2
11/21/2021,360810125,26.4
11/22/2021,360810125,26.6
11/23/2021,360810125,25.6
11/24/2021,360810125,33
11/25/2021,360810125,35.3
11/26/2021,360810125,31.6
11/27/2021,360810125,16.1
11/28/2021,360810125,30.2
11/29/2021,360810125,22.9
11/30/2021,360810125,38.5
12/1/2021,360810125,38.4
12/2/2021,360810125,30.2
12/3/2021,360810125,21.9
12/4/2021,360810125,34.4
12/5/2021,360810125,33
12/6/2021,360810125,33.5
12/7/2021,360810125,24.5
12/8/2021,360810125,32.6
12/9/2021,360810125,33.2
12/10/2021,360810125,38.5
12/11/2021,360810125,34.2
12/12/2021,360810125,15.6
12/13/2021,360810125,28
12/14/2021,360810125,37.8
12/15/2021,360810125,36.7
12/16/2021,360810125,26.7
12/17/2021,360810125,31
12/18/2021,360810125,22.6
12/19/2021,360810125,18.7
12/20/2021,360810125,33.1
12/21/2021,360810125,33.5
12/22/2021,360810125,30.1
12/23/2021,360810125,28.2
12/24/2021,360810125,25.8
12/25/2021,360810125,26.5
12/26/2021,360810125,14.6
12/27/2021,360810125,26
12/28/2021,360810125,29.5
12/30/2021,360810125,24.8
1/1/2023,360810124,38.8
1/2/2023,360810124,38.6
1/3/2023,360810124,42.1
1/4/2023,360810124,30.9
1/5/2023,360810124,19
1/6/2023,360810124,28.5
1/7/2023,360810124,19.6
1/8/2023,360810124,30.5
1/9/2023,360810124,31.3
1/10/2023,360810124,25.9
1/11/2023,360810124,33
1/12/2023,360810124,34.4
1/13/2023,360810124,19.2
1/14/2023,360810124,9.3
1/15/2023,360810124,11.6
1/16/2023,360810124,24.7
1/17/2023,360810124,55.6
1/18/2023,360810124,38.9
1/19/2023,360810124,26.4
1/20/2023,360810124,28.8
1/21/2023,360810124,12.7
1/22/2023,360810124,20.4
1/23/2023,360810124,25.1
1/24/2023,360810124,20
1/25/2023,360810124,38.9
1/26/2023,360810124,20.4
1/27/2023,360810124,33.3
1/28/2023,360810124,43.2
1/29/2023,360810124,44.3
1/30/2023,360810124,44.9
2/1/2023,360810124,22.4
2/2/2023,360810124,45.5
2/3/2023,360810124,30.7
2/4/2023,360810124,24.6
2/5/2023,360810124,55.9
2/6/2023,360810124,52.8
2/7/2023,360810124,29.6
2/8/2023,360810124,43.4
2/9/2023,360810124,70.4
2/10/2023,360810124,48.7
2/11/2023,360810124,43.8
2/12/2023,360810124,48.8
2/13/2023,360810124,23.8
2/14/2023,360810124,47.3
2/15/2023,360810124,52.5
2/16/2023,360810124,56.7
2/17/2023,360810124,34.5
2/18/2023,360810124,28.6
2/19/2023,360810124,47.3
2/20/2023,360810124,54.4
2/21/2023,360810124,37.7
2/22/2023,360810124,31.3
2/23/2023,360810124,20
2/24/2023,360810124,27.2
2/25/2023,360810124,35.7
2/26/2023,360810124,48.4
2/27/2023,360810124,30.6
3/1/2023,360810124,45.7
3/2/2023,360810124,50.6
3/3/2023,360810124,43.8
3/4/2023,360810124,17.1
3/5/2023,360810124,13.9
3/6/2023,360810124,22.3
3/7/2023,360810124,25.2
3/8/2023,360810124,16.2
3/9/2023,360810124,22.8
3/10/2023,360810124,22.3
3/11/2023,360810124,17.1
3/12/2023,360810124,16.4
3/13/2023,360810124,27
3/14/2023,360810124,14.5
3/15/2023,360810124,12
3/16/2023,360810124,57.3
3/17/2023,360810124,50
3/18/2023,360810124,27
3/19/2023,360810124,25.7
3/20/2023,360810124,47.3
3/21/2023,360810124,54.4
3/22/2023,360810124,57.9
3/23/2023,360810124,39.3
3/24/2023,360810124,48.9
3/25/2023,360810124,13.8
3/26/2023,360810124,37.4
3/27/2023,360810124,55.7
3/28/2023,360810124,26.4
3/29/2023,360810124,27.7
3/30/2023,360810124,29.5
4/1/2023,360810124,25.3
4/2/2023,360810124,12.6
4/3/2023,360810124,33.4
4/4/2023,360810124,38.6
4/5/2023,360810124,14.5
4/6/2023,360810124,30.4
4/7/2023,360810124,11.5
4/8/2023,360810124,26.3
4/9/2023,360810124,44.2
4/10/2023,360810124,44.5
4/11/2023,360810124,45.6
4/12/2023,360810124,43.3
4/13/2023,360810124,49.4
4/14/2023,360810124,44.4
4/15/2023,360810124,23
4/16/2023,360810124,13.7
4/17/2023,360810124,21.4
4/18/2023,360810124,14.6
4/19/2023,360810124,25.7
4/20/2023,360810124,28.5
4/21/2023,360810124,40
4/22/2023,360810124,8.5
4/23/2023,360810124,10.7
4/24/2023,360810124,22.5
4/25/2023,360810124,33.9
4/26/2023,360810124,35.1
4/27/2023,360810124,21.1
4/28/2023,360810124,17.6
4/29/2023,360810124,8
5/1/2023,360810124,16
5/2/2023,360810124,30.2
5/3/2023,360810124,19.2
5/5/2023,360810124,34.6
5/6/2023,360810124,47.1
5/7/2023,360810124,27.1
5/8/2023,360810124,19.5
5/9/2023,360810124,22
5/10/2023,360810124,32.3
5/11/2023,360810124,44.2
5/12/2023,360810124,41
5/13/2023,360810124,32
5/14/2023,360810124,12.8
5/15/2023,360810124,27.5
5/16/2023,360810124,27.5
5/17/2023,360810124,14.6
5/18/2023,360810124,19.8
5/19/2023,360810124,14.6
5/20/2023,360810124,22.2
5/21/2023,360810124,26.9
5/22/2023,360810124,27.9
5/23/2023,360810124,11.5
5/24/2023,360810124,31
5/25/2023,360810124,9.8
5/26/2023,360810124,22.5
5/27/2023,360810124,25
5/28/2023,360810124,19.3
5/29/2023,360810124,26.7
5/30/2023,360810124,6.9
6/1/2023,360810124,34.9
6/7/2023,360810124,18.6
6/8/2023,360810124,36.1
6/9/2023,360810124,22.6
6/10/2023,360810124,22.7
6/11/2023,360810124,33.2
6/12/2023,360810124,10.6
6/13/2023,360810124,25.7
6/14/2023,360810124,18.9
6/15/2023,360810124,15.9
6/16/2023,360810124,37.1
6/17/2023,360810124,12.6
6/18/2023,360810124,47
6/19/2023,360810124,28.1
6/20/2023,360810124,8.8
6/21/2023,360810124,4.9
6/22/2023,360810124,14.5
6/23/2023,360810124,14.3
6/24/2023,360810124,30.4
6/25/2023,360810124,33.2
6/26/2023,360810124,20.2
6/27/2023,360810124,17.9
6/28/2023,360810124,37.7
6/29/2023,360810124,29.6
6/30/2023,360810124,38.3
7/1/2023,360810124,32
7/2/2023,360810124,18.4
7/3/2023,360810124,16.3
7/4/2023,360810124,36.8
7/5/2023,360810124,25.4
7/6/2023,360810124,31.9
7/7/2023,360810124,12.7
7/8/2023,360810124,15.1
7/9/2023,360810124,15
7/10/2023,360810124,22.2
7/11/2023,360810124,29.2
7/12/2023,360810124,36.1
7/13/2023,360810124,19
7/14/2023,360810124,15.3
7/15/2023,360810124,27.4
7/16/2023,360810124,23.4
7/17/2023,360810124,22
7/18/2023,360810124,26.3
7/19/2023,360810124,32.1
7/20/2023,360810124,27.8
7/21/2023,360810124,13.1
7/22/2023,360810124,25.5
7/23/2023,360810124,25.2
7/24/2023,360810124,25
7/25/2023,360810124,20.8
7/26/2023,360810124,33.2
7/28/2023,360810124,35.4
7/29/2023,360810124,13.3
7/30/2023,360810124,16.4
8/1/2023,360810124,12
8/2/2023,360810124,14.8
8/3/2023,360810124,21.6
8/4/2023,360810124,9
8/5/2023,360810124,13.2
8/6/2023,360810124,11.4
8/7/2023,360810124,7.3
8/8/2023,360810124,13.2
8/9/2023,360810124,19.2
8/10/2023,360810124,32.3
8/11/2023,360810124,36.3
8/12/2023,360810124,21
8/13/2023,360810124,15.6
8/14/2023,360810124,27.4
8/15/2023,360810124,16.9
8/16/2023,360810124,12.9
8/17/2023,360810124,11.9
8/18/2023,360810124,11.2
8/19/2023,360810124,14.9
8/20/2023,360810124,25.7
8/21/2023,360810124,39.5
8/22/2023,360810124,10.5
8/23/2023,360810124,10.8
8/24/2023,360810124,12.9
8/25/2023,360810124,29.3
8/26/2023,360810124,29.5
8/27/2023,360810124,17.4
8/28/2023,360810124,11.2
8/29/2023,360810124,13.1
8/30/2023,360810124,14.4
9/1/2023,360810124,13.4
9/2/2023,360810124,19.9
9/3/2023,360810124,20.9
9/4/2023,360810124,33.8
9/5/2023,360810124,38.6
9/6/2023,360810124,64.6
9/7/2023,360810124,45.1
9/8/2023,360810124,28.3
9/9/2023,360810124,11.8
9/10/2023,360810124,27.2
9/11/2023,360810124,23.6
9/12/2023,360810124,20.2
9/13/2023,360810124,21.6
9/14/2023,360810124,19.9
9/15/2023,360810124,7.7
9/16/2023,360810124,9.9
9/17/2023,360810124,18
9/18/2023,360810124,22.5
9/19/2023,360810124,13.1
9/20/2023,360810124,30.8
9/21/2023,360810124,31.7
9/22/2023,360810124,27.5
9/23/2023,360810124,2.2
9/24/2023,360810124,5.4
9/25/2023,360810124,3.9
9/26/2023,360810124,16.9
9/27/2023,360810124,16
9/28/2023,360810124,11.5
9/29/2023,360810124,6.9
10/1/2023,360810124,20.6
10/2/2023,360810124,35.5
10/3/2023,360810124,42.4
10/4/2023,360810124,42.6
10/5/2023,360810124,33.9
10/6/2023,360810124,9.9
10/7/2023,360810124,6.8
10/8/2023,360810124,6.9
10/9/2023,360810124,28.6
10/10/2023,360810124,35.8
10/11/2023,360810124,43.1
10/12/2023,360810124,54.1
10/13/2023,360810124,20.1
10/14/2023,360810124,18
10/15/2023,360810124,7
10/16/2023,360810124,25.2
10/17/2023,360810124,25.2
10/18/2023,360810124,32.1
10/19/2023,360810124,28.5
10/20/2023,360810124,18.5
10/21/2023,360810124,25.4
10/22/2023,360810124,8.5
10/23/2023,360810124,32.4
10/24/2023,360810124,25.7
10/25/2023,360810124,37.5
10/26/2023,360810124,44.4
10/27/2023,360810124,40.8
10/28/2023,360810124,30.2
10/29/2023,360810124,5.2
10/30/2023,360810124,26.3
11/1/2023,360810124,16.5
11/2/2023,360810124,28.7
11/3/2023,360810124,36.1
11/4/2023,360810124,40.9
11/5/2023,360810124,49.3
11/6/2023,360810124,22.9
11/7/2023,360810124,42.8
11/8/2023,360810124,20.6
11/9/2023,360810124,37
11/10/2023,360810124,29.1
11/11/2023,360810124,27.7
11/12/2023,360810124,21
11/13/2023,360810124,40.7
11/14/2023,360810124,34.8
11/15/2023,360810124,28.9
11/16/2023,360810124,42.9
11/17/2023,360810124,43.2
11/18/2023,360810124,30
11/19/2023,360810124,33.3
11/20/2023,360810124,27.6
11/21/2023,360810124,22.3
11/22/2023,360810124,28.8
11/23/2023,360810124,28.9
11/24/2023,360810124,10.7
11/25/2023,360810124,43.5
11/26/2023,360810124,43.3
11/27/2023,360810124,25.8
11/28/2023,360810124,15.6
11/29/2023,360810124,26.3
12/1/2023,360810124,41
12/2/2023,360810124,31.5
12/3/2023,360810124,22
12/4/2023,360810124,30.5
12/5/2023,360810124,20.2
12/6/2023,360810124,21
12/7/2023,360810124,32.8
12/8/2023,360810124,52.1
12/9/2023,360810124,44.5
12/10/2023,360810124,42.5
12/11/2023,360810124,15.8
12/12/2023,360810124,34
12/13/2023,360810124,33
12/14/2023,360810124,33.9
12/15/2023,360810124,45.4
12/16/2023,360810124,39.6
12/19/2023,360810124,20.7
12/20/2023,360810124,26.7
12/21/2023,360810124,24.9
12/22/2023,360810124,49.4
12/23/2023,360810124,42.8
12/24/2023,360810124,41.9
12/25/2023,360810124,26.8
12/26/2023,360810124,43.1
12/27/2023,360810124,33.2
12/28/2023,360810124,13.3
12/29/2023,360810124,22
12/30/2023,360810124,21.6
12/31/2023,360810124,23.4
1/1/2023,360810125,33.2
1/2/2023,360810125,33.1
1/3/2023,360810125,34.5
1/4/2023,360810125,27.1
1/5/2023,360810125,19
1/6/2023,360810125,25.2
1/7/2023,360810125,20.5
1/8/2023,360810125,25.6
1/9/2023,360810125,29.5
1/10/2023,360810125,28.7
1/11/2023,360810125,30.6
1/12/2023,360810125,36.4
1/13/2023,360810125,19
1/14/2023,360810125,9.9
1/15/2023,360810125,11.6
1/16/2023,360810125,23.8
1/18/2023,360810125,33.1
1/19/2023,360810125,26.2
1/20/2023,360810125,28.3
1/21/2023,360810125,17.2
1/22/2023,360810125,20.4
1/23/2023,360810125,25
1/24/2023,360810125,20.4
1/25/2023,360810125,35.1
1/26/2023,360810125,19.2
1/27/2023,360810125,28.9
1/28/2023,360810125,35.6
1/29/2023,360810125,37.8
1/30/2023,360810125,37.6
2/1/2023,360810125,27.8
2/2/2023,360810125,41.5
2/3/2023,360810125,24.6
2/4/2023,360810125,19.8
2/5/2023,360810125,43.4
2/6/2023,360810125,44.8
2/7/2023,360810125,33.9
2/8/2023,360810125,43
2/9/2023,360810125,60.3
2/10/2023,360810125,43.3
2/11/2023,360810125,37
2/12/2023,360810125,40.9
2/13/2023,360810125,25.3
2/14/2023,360810125,36.5
2/16/2023,360810125,57.7
2/17/2023,360810125,35.9
2/18/2023,360810125,27.6
2/19/2023,360810125,41.9
2/20/2023,360810125,54.1
2/21/2023,360810125,37.8
2/22/2023,360810125,40.3
2/23/2023,360810125,30.6
2/24/2023,360810125,29.6
2/25/2023,360810125,37.5
2/26/2023,360810125,44.4
2/27/2023,360810125,43.8
3/1/2023,360810125,46.6
3/2/2023,360810125,52
3/3/2023,360810125,50
3/4/2023,360810125,23.4
3/5/2023,360810125,20.7
3/6/2023,360810125,30.3
3/7/2023,360810125,32.5
3/8/2023,360810125,21.5
3/9/2023,360810125,29.8
3/10/2023,360810125,33.8
3/11/2023,360810125,23.7
3/12/2023,360810125,22
3/13/2023,360810125,41.8
3/14/2023,360810125,21.5
3/15/2023,360810125,18.3
3/16/2023,360810125,56
3/17/2023,360810125,45.2
3/18/2023,360810125,27.2
3/19/2023,360810125,28
3/20/2023,360810125,45
3/21/2023,360810125,50.9
3/22/2023,360810125,54.4
3/23/2023,360810125,39.2
3/24/2023,360810125,46.6
3/25/2023,360810125,21.2
3/26/2023,360810125,46.5
3/27/2023,360810125,60.6
3/28/2023,360810125,37.9
3/30/2023,360810125,51
4/1/2023,360810125,21.5
4/2/2023,360810125,23.6
4/3/2023,360810125,49.3
4/4/2023,360810125,40.1
4/5/2023,360810125,24.9
4/6/2023,360810125,29.3
4/7/2023,360810125,21
4/8/2023,360810125,24.8
4/9/2023,360810125,44.3
4/10/2023,360810125,43.1
4/11/2023,360810125,37.9
4/13/2023,360810125,46.9
4/14/2023,360810125,44.4
4/15/2023,360810125,21.7
4/16/2023,360810125,14.7
4/17/2023,360810125,23.5
4/18/2023,360810125,13
4/19/2023,360810125,31.7
4/20/2023,360810125,27.7
4/21/2023,360810125,39.9
4/22/2023,360810125,15.2
4/23/2023,360810125,19.5
4/24/2023,360810125,31.3
4/25/2023,360810125,37.4
4/26/2023,360810125,38.4
4/27/2023,360810125,24.7
4/28/2023,360810125,28
4/29/2023,360810125,17.2
5/1/2023,360810125,15.3
5/2/2023,360810125,23.1
5/3/2023,360810125,24.8
5/4/2023,360810125,34.7
5/5/2023,360810125,34.2
5/6/2023,360810125,46.4
5/7/2023,360810125,29.1
5/8/2023,360810125,30.2
5/9/2023,360810125,30
5/10/2023,360810125,37.1
5/11/2023,360810125,42.7
5/12/2023,360810125,43.6
5/13/2023,360810125,32.2
5/14/2023,360810125,13.2
5/15/2023,360810125,35.9
5/16/2023,360810125,21.4
5/17/2023,360810125,13.8
5/18/2023,360810125,28.6
5/19/2023,360810125,16.1
5/20/2023,360810125,24.6
5/21/2023,360810125,35.1
5/22/2023,360810125,29.3
5/23/2023,360810125,24.8
5/24/2023,360810125,35.4
5/27/2023,360810125,33.5
5/28/2023,360810125,18.8
5/29/2023,360810125,32
5/30/2023,360810125,21.1
6/1/2023,360810125,32.7
6/2/2023,360810125,49.5
6/3/2023,360810125,29
6/4/2023,360810125,11.5
6/5/2023,360810125,22.6
6/6/2023,360810125,36.5
6/7/2023,360810125,34.6
6/8/2023,360810125,37.7
6/9/2023,360810125,27.1
6/10/2023,360810125,22.4
6/11/2023,360810125,34
6/12/2023,360810125,13.8
6/13/2023,360810125,24.4
6/14/2023,360810125,22.8
6/15/2023,360810125,23.7
6/16/2023,360810125,39.2
6/17/2023,360810125,24.3
6/18/2023,360810125,44
6/19/2023,360810125,33.5
6/20/2023,360810125,21.5
6/21/2023,360810125,17.6
6/22/2023,360810125,20.5
6/23/2023,360810125,14.4
6/24/2023,360810125,31.9
6/25/2023,360810125,37.2
6/26/2023,360810125,26.2
6/27/2023,360810125,29.5
6/28/2023,360810125,43
6/29/2023,360810125,32.2
6/30/2023,360810125,42.7
7/1/2023,360810125,36.5
7/2/2023,360810125,22.4
7/3/2023,360810125,22.7
7/4/2023,360810125,43.2
7/5/2023,360810125,24.3
7/6/2023,360810125,35.6
7/7/2023,360810125,16
7/8/2023,360810125,20.6
7/9/2023,360810125,18.1
7/10/2023,360810125,31.3
7/11/2023,360810125,41.5
7/12/2023,360810125,39.5
7/13/2023,360810125,23.6
7/14/2023,360810125,32.2
7/15/2023,360810125,29.4
7/16/2023,360810125,28.7
7/17/2023,360810125,26.4
7/18/2023,360810125,23.3
7/19/2023,360810125,37.1
7/20/2023,360810125,30.2
7/21/2023,360810125,15.9
7/22/2023,360810125,28.4
7/23/2023,360810125,28.4
7/24/2023,360810125,27.7
7/25/2023,360810125,26.1
7/26/2023,360810125,35.2
7/27/2023,360810125,26.2
7/28/2023,360810125,36.8
7/29/2023,360810125,15.2
7/30/2023,360810125,23.2
8/1/2023,360810125,20.1
8/2/2023,360810125,23.5
8/3/2023,360810125,23.3
8/4/2023,360810125,13.3
8/5/2023,360810125,24.9
8/6/2023,360810125,19.4
8/7/2023,360810125,10.2
8/8/2023,360810125,16.8
8/9/2023,360810125,25.2
8/10/2023,360810125,35.6
8/11/2023,360810125,38.5
8/12/2023,360810125,29.7
8/13/2023,360810125,23.8
8/14/2023,360810125,30.6
8/15/2023,360810125,31.9
8/16/2023,360810125,25.7
8/17/2023,360810125,23.6
8/18/2023,360810125,24.7
8/19/2023,360810125,16.7
8/20/2023,360810125,25.5
8/21/2023,360810125,42.4
8/22/2023,360810125,21.9
8/23/2023,360810125,19.2
8/24/2023,360810125,15.4
8/25/2023,360810125,33
8/26/2023,360810125,36.7
8/27/2023,360810125,22
8/28/2023,360810125,23.5
8/29/2023,360810125,21
8/30/2023,360810125,23.1
9/1/2023,360810125,17.5
9/2/2023,360810125,21.5
9/3/2023,360810125,28
9/4/2023,360810125,44.9
9/5/2023,360810125,43.9
9/6/2023,360810125,69.2
9/7/2023,360810125,48.2
9/8/2023,360810125,37.4
9/9/2023,360810125,20
9/10/2023,360810125,29
9/11/2023,360810125,30.6
9/12/2023,360810125,24.3
9/14/2023,360810125,21.8
9/15/2023,360810125,15.8
9/16/2023,360810125,18.8
9/17/2023,360810125,22.8
9/18/2023,360810125,33.8
9/19/2023,360810125,21.3
9/20/2023,360810125,37.8
9/21/2023,360810125,36.4
9/22/2023,360810125,34.3
9/23/2023,360810125,7.8
9/24/2023,360810125,8
9/25/2023,360810125,15.7
9/26/2023,360810125,22.4
9/27/2023,360810125,31.5
9/28/2023,360810125,19.6
9/29/2023,360810125,16.2
10/1/2023,360810125,26.2
10/2/2023,360810125,36.1
10/3/2023,360810125,49.2
10/4/2023,360810125,50
10/5/2023,360810125,36.3
10/6/2023,360810125,21.9
10/7/2023,360810125,17.7
10/8/2023,360810125,8.7
10/9/2023,360810125,28.4
10/10/2023,360810125,35.8
10/11/2023,360810125,44.2
10/12/2023,360810125,51.2
10/13/2023,360810125,25.1
10/14/2023,360810125,21.2
10/15/2023,360810125,11.8
10/16/2023,360810125,29.1
10/17/2023,360810125,27.1
10/18/2023,360810125,35.1
10/19/2023,360810125,31.3
10/20/2023,360810125,19.2
10/21/2023,360810125,27.8
10/22/2023,360810125,11.3
10/23/2023,360810125,33.3
10/24/2023,360810125,33.2
10/25/2023,360810125,39.5
10/26/2023,360810125,46.9
10/28/2023,360810125,32.1
10/29/2023,360810125,10.4
10/30/2023,360810125,30.8
11/1/2023,360810125,24.8
11/3/2023,360810125,35.8
11/4/2023,360810125,40.3
11/5/2023,360810125,46.7
11/6/2023,360810125,27.5
11/7/2023,360810125,42.2
11/8/2023,360810125,28.2
11/9/2023,360810125,39.6
11/10/2023,360810125,29.4
11/11/2023,360810125,31.7
11/12/2023,360810125,32.2
11/13/2023,360810125,40.6
11/14/2023,360810125,34.8
11/15/2023,360810125,37.9
11/17/2023,360810125,42.2
11/18/2023,360810125,32.7
11/19/2023,360810125,32.8
11/20/2023,360810125,31.6
11/21/2023,360810125,30.5
11/22/2023,360810125,34.2
11/23/2023,360810125,31.2
11/24/2023,360810125,17.9
11/25/2023,360810125,41.7
11/26/2023,360810125,44.1
11/27/2023,360810125,25.9
11/28/2023,360810125,19.6
12/1/2023,360810125,37.6
12/2/2023,360810125,28.2
12/3/2023,360810125,19.7
12/4/2023,360810125,29
12/5/2023,360810125,23.8
12/6/2023,360810125,25.1
12/7/2023,360810125,29
12/8/2023,360810125,51.5
12/9/2023,360810125,39.6
12/10/2023,360810125,39
12/11/2023,360810125,20.8
12/12/2023,360810125,31.7
12/13/2023,360810125,31.3
12/14/2023,360810125,30.6
12/15/2023,360810125,41
12/16/2023,360810125,39.4
12/17/2023,360810125,18
12/18/2023,360810125,12.9
12/19/2023,360810125,19.7
12/20/2023,360810125,33.8
12/21/2023,360810125,27.3
12/22/2023,360810125,48.7
12/23/2023,360810125,41.8
12/24/2023,360810125,38.9
12/25/2023,360810125,23.2
12/26/2023,360810125,40.2
12/27/2023,360810125,29
12/28/2023,360810125,22.1
12/29/2023,360810125,22.4
12/30/2023,360810125,21.3
12/31/2023,360810125,21.2
